date,Unnamed: 0,id,text,coordinates,geo,place,date,retweet_count,retweeted,prediction,log_pos_proba,pos_proba
2020-04-10 00:00:29,15458,1248400422064160768,First thing Iâ€™m doing after #corona is heading straight for a beach!! ğŸ’¦ğŸ”¥ğŸŒŠğŸ–ğŸš #beachvibes #tattooedwomenâ€¦ https://t.co/nkc1OapfhU,"{'type': 'Point', 'coordinates': [-81.7996, 24.5506]}","{'type': 'Point', 'coordinates': [24.5506, -81.7996]}","Place(_api=<tweepy.api.API object at 0x0000018E74B4CEF0>, id='5a1f85290e8bd413', url='https://api.twitter.com/1.1/geo/id/5a1f85290e8bd413.json', place_type='city', name='Key West', full_name='Key West, FL', country_code='US', country='Vereinigte Staaten', contained_within=[], bounding_box=BoundingBox(_api=<tweepy.api.API object at 0x0000018E74B4CEF0>, type='Polygon', coordinates=[[[-81.812436, 24.54394], [-81.729079, 24.54394], [-81.729079, 24.594749], [-81.812436, 24.594749]]]), attributes={})",2020-04-10 00:00:29,1,False,4,-0.10253089952464974,0.9025502609480166
2020-04-10 00:03:44,15459,1248401242256097280,Corona CA Thu Apr 9th PM Forecast: TONIGHT Showers Lo 44 FRIDAY Chance Of T-Storm Hi 65,"{'type': 'Point', 'coordinates': [-117.5655, 33.8752]}","{'type': 'Point', 'coordinates': [33.8752, -117.5655]}","Place(_api=<tweepy.api.API object at 0x0000018E74B4CEF0>, id='5e4b6834e36e68fa', url='https://api.twitter.com/1.1/geo/id/5e4b6834e36e68fa.json', place_type='city', name='Corona', full_name='Corona, CA', country_code='US', country='Vereinigte Staaten', contained_within=[], bounding_box=BoundingBox(_api=<tweepy.api.API object at 0x0000018E74B4CEF0>, type='Polygon', coordinates=[[[-117.672915, 33.802102], [-117.498401, 33.802102], [-117.498401, 33.916084], [-117.672915, 33.916084]]]), attributes={})",2020-04-10 00:03:44,0,False,4,-0.1818496778175579,0.8337266586073293
2020-04-10 00:10:17,15460,1248402887597682697,â€œâ€¦ media outlets â€¦ revenue is collapsing.â€ https://t.co/qffHFmJvdz,"{'type': 'Point', 'coordinates': [-73.98073476, 40.74248321]}","{'type': 'Point', 'coordinates': [40.74248321, -73.98073476]}","Place(_api=<tweepy.api.API object at 0x0000018E74B4CEF0>, id='01a9a39529b27f36', url='https://api.twitter.com/1.1/geo/id/01a9a39529b27f36.json', place_type='city', name='Manhattan', full_name='Manhattan, NY', country_code='US', country='Vereinigte Staaten', contained_within=[], bounding_box=BoundingBox(_api=<tweepy.api.API object at 0x0000018E74B4CEF0>, type='Polygon', coordinates=[[[-74.026675, 40.683935], [-73.910408, 40.683935], [-73.910408, 40.877483], [-74.026675, 40.877483]]]), attributes={})",2020-04-10 00:10:17,0,False,4,-0.3123927112156589,0.7316941273089981
2020-04-10 00:20:03,15461,1248405347800211463,Best Items to sell on eBay During the Corona Virus Outbreak https://t.co/FFSXHEnkp5 https://t.co/VkJxoez96Z,"{'type': 'Point', 'coordinates': [-82.1223977, 29.1571921]}","{'type': 'Point', 'coordinates': [29.1571921, -82.1223977]}","Place(_api=<tweepy.api.API object at 0x0000018E74B4CEF0>, id='01966db443c4c238', url='https://api.twitter.com/1.1/geo/id/01966db443c4c238.json', place_type='city', name='Ocala', full_name='Ocala, FL', country_code='US', country='Vereinigte Staaten', contained_within=[], bounding_box=BoundingBox(_api=<tweepy.api.API object at 0x0000018E74B4CEF0>, type='Polygon', coordinates=[[[-82.293902, 28.962902], [-82.0278293, 28.962902], [-82.0278293, 29.277543], [-82.293902, 29.277543]]]), attributes={})",2020-04-10 00:20:03,0,False,4,-0.3280449989664774,0.7203306048432492
2020-04-10 00:20:59,15462,1248405579988516867,"Hereâ€™s hoping the facts spread faster than the virus. 
#covid19 #corona #SitTheFuckDown #StayHome @ Manhattan, Newâ€¦ https://t.co/LBjZaSVcZ3","{'type': 'Point', 'coordinates': [-73.9675, 40.7779]}","{'type': 'Point', 'coordinates': [40.7779, -73.9675]}","Place(_api=<tweepy.api.API object at 0x0000018E74B4CEF0>, id='01a9a39529b27f36', url='https://api.twitter.com/1.1/geo/id/01a9a39529b27f36.json', place_type='city', name='Manhattan', full_name='Manhattan, NY', country_code='US', country='Vereinigte Staaten', contained_within=[], bounding_box=BoundingBox(_api=<tweepy.api.API object at 0x0000018E74B4CEF0>, type='Polygon', coordinates=[[[-74.026675, 40.683935], [-73.910408, 40.683935], [-73.910408, 40.877483], [-74.026675, 40.877483]]]), attributes={})",2020-04-10 00:20:59,0,False,4,-0.0741452179173394,0.9285368438635688
2020-04-10 00:23:15,15463,1248406152188014593,"70% of the team working from home because of the corona virus.
All with their salaries and beneficial maintained.
Iâ€¦ https://t.co/fhJ1X1a2MP","{'type': 'Point', 'coordinates': [-43.1975, -22.908]}","{'type': 'Point', 'coordinates': [-22.908, -43.1975]}","Place(_api=<tweepy.api.API object at 0x0000018E74B4CEF0>, id='97bcdfca1a2dca59', url='https://api.twitter.com/1.1/geo/id/97bcdfca1a2dca59.json', place_type='city', name='Rio de Janeiro', full_name='Rio de Janeiro, Brasilien', country_code='BR', country='Brasilien', contained_within=[], bounding_box=BoundingBox(_api=<tweepy.api.API object at 0x0000018E74B4CEF0>, type='Polygon', coordinates=[[[-43.795449, -23.08302], [-43.0877068, -23.08302], [-43.0877068, -22.7398234], [-43.795449, -22.7398234]]]), attributes={})",2020-04-10 00:23:15,0,False,4,-0.3466615354351125,0.7070445973054013
2020-04-10 00:30:25,15464,1248407954572734465,"CocoMask is ready! 
ğŸ¥¥ğŸ˜·ğŸ¥¥ğŸ˜·ğŸ¥¥ğŸ˜·
#corona #virus #fuckcorona @ Long Beach, California https://t.co/V0FMLobzWi","{'type': 'Point', 'coordinates': [-118.1938, 33.7692]}","{'type': 'Point', 'coordinates': [33.7692, -118.1938]}","Place(_api=<tweepy.api.API object at 0x0000018E74B4CEF0>, id='01c060cf466c6ce3', url='https://api.twitter.com/1.1/geo/id/01c060cf466c6ce3.json', place_type='city', name='Long Beach', full_name='Long Beach, CA', country_code='US', country='Vereinigte Staaten', contained_within=[], bounding_box=BoundingBox(_api=<tweepy.api.API object at 0x0000018E74B4CEF0>, type='Polygon', coordinates=[[[-118.250227, 33.732905], [-118.0631938, 33.732905], [-118.0631938, 33.885438], [-118.250227, 33.885438]]]), attributes={})",2020-04-10 00:30:25,0,False,4,-0.3015211624122801,0.7396921725182884
2020-04-10 00:30:49,15465,1248408054564941824,Drinking a Corona Refresca Passionfruit Lime by @GrupoModelo_MX @ Untappd at Home â€” https://t.co/1Rr0UhAcjx,"{'type': 'Point', 'coordinates': [-77.9482, 34.2347]}","{'type': 'Point', 'coordinates': [34.2347, -77.9482]}","Place(_api=<tweepy.api.API object at 0x0000018E74B4CEF0>, id='3b98b02fba3f9753', url='https://api.twitter.com/1.1/geo/id/3b98b02fba3f9753.json', place_type='admin', name='North Carolina', full_name='North Carolina, USA', country_code='US', country='Vereinigte Staaten', contained_within=[], bounding_box=BoundingBox(_api=<tweepy.api.API object at 0x0000018E74B4CEF0>, type='Polygon', coordinates=[[[-84.3219475, 33.752879], [-75.40012, 33.752879], [-75.40012, 36.588118], [-84.3219475, 36.588118]]]), attributes={})",2020-04-10 00:30:49,0,False,4,-0.35227965829926755,0.7030834713522915
2020-04-10 00:33:44,15466,1248408791617376262,"It was a very windy day!Â 

Yey another episode of ""My Corona Life""!Â  Â  Â  #Covid19!

#loveÂ  #phototheday #styleâ€¦ https://t.co/wVVefk4rNR","{'type': 'Point', 'coordinates': [-73.95, 40.65]}","{'type': 'Point', 'coordinates': [40.65, -73.95]}","Place(_api=<tweepy.api.API object at 0x0000018E74B4CEF0>, id='011add077f4d2da3', url='https://api.twitter.com/1.1/geo/id/011add077f4d2da3.json', place_type='city', name='Brooklyn', full_name='Brooklyn, NY', country_code='US', country='Vereinigte Staaten', contained_within=[], bounding_box=BoundingBox(_api=<tweepy.api.API object at 0x0000018E74B4CEF0>, type='Polygon', coordinates=[[[-74.041878, 40.570842], [-73.855673, 40.570842], [-73.855673, 40.739434], [-74.041878, 40.739434]]]), attributes={})",2020-04-10 00:33:44,0,False,4,-0.1665577150093576,0.8465739555016705
2020-04-10 00:37:47,15467,1248409809876946945,Drinking a Corona Light by @GrupoModelo_MX @ Untappd at Home â€” https://t.co/EnvIdYwE1L,"{'type': 'Point', 'coordinates': [-77.9482, 34.2347]}","{'type': 'Point', 'coordinates': [34.2347, -77.9482]}","Place(_api=<tweepy.api.API object at 0x0000018E74B4CEF0>, id='3b98b02fba3f9753', url='https://api.twitter.com/1.1/geo/id/3b98b02fba3f9753.json', place_type='admin', name='North Carolina', full_name='North Carolina, USA', country_code='US', country='Vereinigte Staaten', contained_within=[], bounding_box=BoundingBox(_api=<tweepy.api.API object at 0x0000018E74B4CEF0>, type='Polygon', coordinates=[[[-84.3219475, 33.752879], [-75.40012, 33.752879], [-75.40012, 36.588118], [-84.3219475, 36.588118]]]), attributes={})",2020-04-10 00:37:47,0,False,4,-0.2471580179668911,0.7810172690190308
2020-04-10 00:38:12,15468,1248409914851987457,Gonna try to squeeze in an hour and PLUNDER lol love that word. Piss off corona #staythefuckhome @ Donkey Fart Hut https://t.co/En2ZHefteH,"{'type': 'Point', 'coordinates': [-75.02004638, 40.00592916]}","{'type': 'Point', 'coordinates': [40.00592916, -75.02004638]}","Place(_api=<tweepy.api.API object at 0x0000018E74B4CEF0>, id='9149feec72b74c0f', url='https://api.twitter.com/1.1/geo/id/9149feec72b74c0f.json', place_type='city', name='Palmyra', full_name='Palmyra, NJ', country_code='US', country='Vereinigte Staaten', contained_within=[], bounding_box=BoundingBox(_api=<tweepy.api.API object at 0x0000018E74B4CEF0>, type='Polygon', coordinates=[[[-75.054926, 39.991507], [-75.010427, 39.991507], [-75.010427, 40.012173], [-75.054926, 40.012173]]]), attributes={})",2020-04-10 00:38:12,0,False,4,-0.07886164084799188,0.9241677826704284
2020-04-10 00:42:39,15469,1248411032332029953,Only because Iâ€™m reminiscing on the last time I was there and Iâ€™m planning my next trip after corona! #Disneyâ€¦ https://t.co/e5FBxmVkmr,"{'type': 'Point', 'coordinates': [-81.58050366, 28.41630219]}","{'type': 'Point', 'coordinates': [28.41630219, -81.58050366]}","Place(_api=<tweepy.api.API object at 0x0000018E74B4CEF0>, id='4ec01c9dbc693497', url='https://api.twitter.com/1.1/geo/id/4ec01c9dbc693497.json', place_type='admin', name='Florida', full_name='Florida, USA', country_code='US', country='Vereinigte Staaten', contained_within=[], bounding_box=BoundingBox(_api=<tweepy.api.API object at 0x0000018E74B4CEF0>, type='Polygon', coordinates=[[[-87.634643, 24.396308], [-79.974307, 24.396308], [-79.974307, 31.001056], [-87.634643, 31.001056]]]), attributes={})",2020-04-10 00:42:39,0,False,4,-0.2532007905545716,0.7763119900584602
2020-04-10 00:44:38,15470,1248411533102559233,"Never ever giveup....
Shot at in my village...
#coviÌ‡d19 #corona #stayhome #lockdown #aadukalam
#sitthankuttyâ€¦ https://t.co/zcYiPnQgG0","{'type': 'Point', 'coordinates': [79.3333, 11.5]}","{'type': 'Point', 'coordinates': [11.5, 79.3333]}","Place(_api=<tweepy.api.API object at 0x0000018E74B4CEF0>, id='4e61e76e6c68fcdf', url='https://api.twitter.com/1.1/geo/id/4e61e76e6c68fcdf.json', place_type='admin', name='à¤¤à¤®à¤¿à¤²à¤¨à¤¾à¤¡à¥', full_name='à¤¤à¤®à¤¿à¤²à¤¨à¤¾à¤¡à¥, à¤­à¤¾à¤°à¤¤', country_code='IN', country='Republik Indien', contained_within=[], bounding_box=BoundingBox(_api=<tweepy.api.API object at 0x0000018E74B4CEF0>, type='Polygon', coordinates=[[[76.233101, 8.077159], [80.346305, 8.077159], [80.346305, 13.56042], [76.233101, 13.56042]]]), attributes={})",2020-04-10 00:44:38,0,False,4,-0.5357836398289164,0.5852105161427308
2020-04-10 00:58:18,15471,1248414971429441536,"ğŸ‡§ğŸ‡¾ Belarus

Notes: No lock-down, In Complete Denial, Govt. Lying, Unreliable Data

ğŸ”®: 10ğŸ“† 156ğŸ’€
ğŸ”®: 49ğŸ“† 4,471,860ğŸ¤§ 62â€¦ https://t.co/tDCAp4MXE9","{'type': 'Point', 'coordinates': [27.9534, 53.7098]}","{'type': 'Point', 'coordinates': [53.7098, 27.9534]}","Place(_api=<tweepy.api.API object at 0x0000018E74B4CEF0>, id='333a5811d6b0c1cb', url='https://api.twitter.com/1.1/geo/id/333a5811d6b0c1cb.json', place_type='country', name='Weissrussland', full_name='Weissrussland', country_code='BY', country='Weissrussland', contained_within=[], bounding_box=BoundingBox(_api=<tweepy.api.API object at 0x0000018E74B4CEF0>, type='Polygon', coordinates=[[[23.179217, 51.2626423], [32.7769812, 51.2626423], [32.7769812, 56.1717339], [23.179217, 56.1717339]]]), attributes={})",2020-04-10 00:58:18,0,False,0,-1.2482446502880171,0.287008154628049
2020-04-10 01:00:19,15472,1248415481725255681,"ğŸ‡§ğŸ‡· Brazil

Notes: In Complete Denial, Govt. Lying, Poverty

ğŸ”®: 10ğŸ“† 3,754ğŸ’€
ğŸ”®: 307ğŸ“† 17,183,067ğŸ¤§ 240,563ğŸ’€

ğŸ¦ x2: 4.6ğŸ“†â€¦ https://t.co/0fbopZ7pe9","{'type': 'Point', 'coordinates': [-51.9253, -14.235]}","{'type': 'Point', 'coordinates': [-14.235, -51.9253]}","Place(_api=<tweepy.api.API object at 0x0000018E74B4CEF0>, id='d54fb744a61b1f3e', url='https://api.twitter.com/1.1/geo/id/d54fb744a61b1f3e.json', place_type='city', name='Nova NazarÃ©', full_name='Nova NazarÃ©, Brasil', country_code='BR', country='Brasilien', contained_within=[], bounding_box=BoundingBox(_api=<tweepy.api.API object at 0x0000018E74B4CEF0>, type='Polygon', coordinates=[[[-52.339011, -14.686416], [-51.464023, -14.686416], [-51.464023, -13.606722], [-52.339011, -13.606722]]]), attributes={})",2020-04-10 01:00:19,0,False,0,-0.8794621050718878,0.4150060813215704
2020-04-10 01:02:27,15473,1248416015131631621,"ğŸ‡©ğŸ‡° Denmark

ğŸ”®: 10ğŸ“† 518ğŸ’€
ğŸ”®: 440ğŸ“† 545,427ğŸ¤§ 7,636ğŸ’€

ğŸ¦ x2: 10.5ğŸ“†

ğŸ“ˆ: https://t.co/mYX9CKAGWz

ğŸ•› 10/04 #CovidDenmark

3/3 https://t.co/e98nivtTPS","{'type': 'Point', 'coordinates': [9.5018, 56.2639]}","{'type': 'Point', 'coordinates': [56.2639, 9.5018]}","Place(_api=<tweepy.api.API object at 0x0000018E74B4CEF0>, id='c2c64b01199b73e0', url='https://api.twitter.com/1.1/geo/id/c2c64b01199b73e0.json', place_type='city', name='Silkeborg', full_name='Silkeborg, Danmark', country_code='DK', country='DÃ¤nemark', contained_within=[], bounding_box=BoundingBox(_api=<tweepy.api.API object at 0x0000018E74B4CEF0>, type='Polygon', coordinates=[[[9.2226764, 55.9939735], [9.8605768, 55.9939735], [9.8605768, 56.3695323], [9.2226764, 56.3695323]]]), attributes={})",2020-04-10 01:02:27,0,False,4,-0.6474883177372679,0.5233586379337141
2020-04-10 01:06:29,15474,1248417033038868480,"ğŸ‡©ğŸ‡ª Germany

Notes: In Lock-down, Very Large Testing Rate, Following WHO Advice, Adequate PPE

ğŸ”®: 10ğŸ“† 4,606ğŸ’€
ğŸ”®: 94ğŸ“†â€¦ https://t.co/YcnAuXkfNP","{'type': 'Point', 'coordinates': [9.0, 51.0]}","{'type': 'Point', 'coordinates': [51.0, 9.0]}","Place(_api=<tweepy.api.API object at 0x0000018E74B4CEF0>, id='6f25027b79bbf77a', url='https://api.twitter.com/1.1/geo/id/6f25027b79bbf77a.json', place_type='city', name='Haina (Kloster)', full_name='Haina (Kloster), Deutschland', country_code='DE', country='Deutschland', contained_within=[], bounding_box=BoundingBox(_api=<tweepy.api.API object at 0x0000018E74B4CEF0>, type='Polygon', coordinates=[[[8.869098, 50.989496], [9.097039, 50.989496], [9.097039, 51.085124], [8.869098, 51.085124]]]), attributes={})",2020-04-10 01:06:29,0,False,4,-0.5459396161693689,0.5792972105093289
2020-04-10 01:06:40,15475,1248417078731669504,"Happy Easter @ Corona, California https://t.co/OrvAjMbwRd","{'type': 'Point', 'coordinates': [-117.566, 33.8753]}","{'type': 'Point', 'coordinates': [33.8753, -117.566]}","Place(_api=<tweepy.api.API object at 0x0000018E74B4CEF0>, id='5e4b6834e36e68fa', url='https://api.twitter.com/1.1/geo/id/5e4b6834e36e68fa.json', place_type='city', name='Corona', full_name='Corona, CA', country_code='US', country='Vereinigte Staaten', contained_within=[], bounding_box=BoundingBox(_api=<tweepy.api.API object at 0x0000018E74B4CEF0>, type='Polygon', coordinates=[[[-117.672915, 33.802102], [-117.498401, 33.802102], [-117.498401, 33.916084], [-117.672915, 33.916084]]]), attributes={})",2020-04-10 01:06:40,0,False,4,-0.06682528496361771,0.9353586082748117
2020-04-10 01:08:31,15476,1248417541715722240,"ğŸ‡®ğŸ‡³ India

Notes: Heavily Locked-down, Unreliable Data, Poverty

ğŸ”®: 10ğŸ“† 1,215ğŸ’€
ğŸ”®: 142ğŸ“† 1,277,797ğŸ¤§ 17,889ğŸ’€

ğŸ¦ x2: 5.4ğŸ“†â€¦ https://t.co/8Fyj9QB1IZ","{'type': 'Point', 'coordinates': [78.0, 21.0]}","{'type': 'Point', 'coordinates': [21.0, 78.0]}","Place(_api=<tweepy.api.API object at 0x0000018E74B4CEF0>, id='4c6bf2b7c14c8f88', url='https://api.twitter.com/1.1/geo/id/4c6bf2b7c14c8f88.json', place_type='admin', name='à¤®à¤¹à¤¾à¤°à¤¾à¤·à¥à¤Ÿà¥à¤°', full_name='à¤®à¤¹à¤¾à¤°à¤¾à¤·à¥à¤Ÿà¥à¤°, à¤­à¤¾à¤°à¤¤', country_code='IN', country='Republik Indien', contained_within=[], bounding_box=BoundingBox(_api=<tweepy.api.API object at 0x0000018E74B4CEF0>, type='Polygon', coordinates=[[[72.64293, 15.606794], [80.899558, 15.606794], [80.899558, 22.029028], [72.64293, 22.029028]]]), attributes={})",2020-04-10 01:08:31,0,False,0,-1.6016538087134191,0.20156289572373656
2020-04-10 01:14:35,15477,1248419071449686016,"ğŸ‡®ğŸ‡ª Ireland

Notes: In Lock-down

ğŸ”®: 10ğŸ“† 594ğŸ’€
ğŸ”®: 189ğŸ“† 174,300ğŸ¤§ 2,440ğŸ’€

ğŸ¦ x2: 9.6ğŸ“†

â¤ï¸ Every Life Counts, Plsâ€¦ https://t.co/91iMdBgpfZ","{'type': 'Point', 'coordinates': [-7.6921, 53.1424]}","{'type': 'Point', 'coordinates': [53.1424, -7.6921]}","Place(_api=<tweepy.api.API object at 0x0000018E74B4CEF0>, id='ca4ec012d10f309f', url='https://api.twitter.com/1.1/geo/id/ca4ec012d10f309f.json', place_type='city', name='Offaly', full_name='Offaly, Ireland', country_code='IE', country='Irland', contained_within=[], bounding_box=BoundingBox(_api=<tweepy.api.API object at 0x0000018E74B4CEF0>, type='Polygon', coordinates=[[[-8.0838167, 52.8481614], [-6.9777977, 52.8481614], [-6.9777977, 53.4248335], [-8.0838167, 53.4248335]]]), attributes={})",2020-04-10 01:14:35,0,False,4,-0.5369472399052008,0.584529961165204
2020-04-10 01:16:37,15478,1248419580726280192,"ğŸ‡®ğŸ‡± Israel

ğŸ”®: 10ğŸ“† 183ğŸ’€
ğŸ”®: 68ğŸ“† 31,267ğŸ¤§ 438ğŸ’€

ğŸ¦ x2: 17.7ğŸ“†

ğŸ“ˆ: https://t.co/B5U1xDruQe

ğŸ•› 10/04 #CovidIsrael

3/3 https://t.co/e98nivtTPS","{'type': 'Point', 'coordinates': [35.0, 31.0]}","{'type': 'Point', 'coordinates': [31.0, 35.0]}","Place(_api=<tweepy.api.API object at 0x0000018E74B4CEF0>, id='2edb6e240797c549', url='https://api.twitter.com/1.1/geo/id/2edb6e240797c549.json', place_type='country', name='×™×©×¨××œ', full_name='×™×©×¨××œ', country_code='IL', country='×™×©×¨××œ', contained_within=[], bounding_box=BoundingBox(_api=<tweepy.api.API object at 0x0000018E74B4CEF0>, type='Polygon', coordinates=[[[34.266924, 29.393973], [35.669933, 29.393973], [35.669933, 33.290533], [34.266924, 33.290533]]]), attributes={})",2020-04-10 01:16:37,0,False,4,-0.4090007736837461,0.6643137183532918
2020-04-10 01:18:38,15479,1248420090606837763,"ğŸ‡®ğŸ‡¹ Italy

Notes: In Lock-down, Aging Population, Stabilized

ğŸ”®: 10ğŸ“† 25,805ğŸ’€
ğŸ”®: 150ğŸ“† 2,900,127ğŸ¤§ 40,602ğŸ’€

ğŸ¦ x2: 25.2ğŸ“†â€¦ https://t.co/hAmHapuKNr","{'type': 'Point', 'coordinates': [12.0, 43.0]}","{'type': 'Point', 'coordinates': [43.0, 12.0]}","Place(_api=<tweepy.api.API object at 0x0000018E74B4CEF0>, id='01e41dc963b65007', url='https://api.twitter.com/1.1/geo/id/01e41dc963b65007.json', place_type='city', name='CittÃ  della Pieve', full_name='CittÃ  della Pieve, Umbrien', country_code='IT', country='Italien', contained_within=[], bounding_box=BoundingBox(_api=<tweepy.api.API object at 0x0000018E74B4CEF0>, type='Polygon', coordinates=[[[11.9328471, 42.8614821], [12.0631195, 42.8614821], [12.0631195, 43.0235956], [11.9328471, 43.0235956]]]), attributes={})",2020-04-10 01:18:38,0,False,4,-0.5004935923251894,0.6062313547074106
2020-04-10 01:20:40,15480,1248420602144120834,"ğŸ‡¯ğŸ‡µ Japan

Notes: Aging Population, Partial Lock-down, Danger of 2nd Wave

ğŸ”®: 10ğŸ“† 235ğŸ’€
ğŸ”®: 87ğŸ“† 37,625,993ğŸ¤§ 526,764ğŸ’€â€¦ https://t.co/Eust2zbsEj","{'type': 'Point', 'coordinates': [138.0, 36.0]}","{'type': 'Point', 'coordinates': [36.0, 138.0]}","Place(_api=<tweepy.api.API object at 0x0000018E74B4CEF0>, id='bf7eca3dab88c786', url='https://api.twitter.com/1.1/geo/id/bf7eca3dab88c786.json', place_type='city', name='è¾°é‡ç”º', full_name='é•·é‡ è¾°é‡ç”º', country_code='JP', country='Japan', contained_within=[], bounding_box=BoundingBox(_api=<tweepy.api.API object at 0x0000018E74B4CEF0>, type='Polygon', coordinates=[[[137.82886, 35.908575], [138.049937, 35.908575], [138.049937, 36.063914], [137.82886, 36.063914]]]), attributes={})",2020-04-10 01:20:40,0,False,4,-0.569099338727164,0.566035015004352
2020-04-10 01:22:42,15481,1248421111492034561,"ğŸ‡°ğŸ‡· Korea, South

Notes: Large Testing Rate, Young Pop., Quarantining Visitors

ğŸ”®: 10ğŸ“† 220ğŸ’€
ğŸ”®: 41ğŸ“† 16,815ğŸ¤§ 235ğŸ’€

ğŸ¦ x2â€¦ https://t.co/Xn3cmm3NAn","{'type': 'Point', 'coordinates': [128.0, 36.0]}","{'type': 'Point', 'coordinates': [36.0, 128.0]}","Place(_api=<tweepy.api.API object at 0x0000018E74B4CEF0>, id='00bff443031f0f35', url='https://api.twitter.com/1.1/geo/id/00bff443031f0f35.json', place_type='city', name='ê¹€ì²œì‹œ', full_name='ëŒ€í•œë¯¼êµ­ ê¹€ì²œì‹œ', country_code='KR', country='ëŒ€í•œë¯¼êµ­', contained_within=[], bounding_box=BoundingBox(_api=<tweepy.api.API object at 0x0000018E74B4CEF0>, type='Polygon', coordinates=[[[127.874072043479, 35.8307068776531], [128.318661929321, 35.8307068776531], [128.318661929321, 36.2761522404579], [127.874072043479, 36.2761522404579]]]), attributes={})",2020-04-10 01:22:42,0,False,4,-0.5712734314651032,0.5648057391528619
2020-04-10 01:26:45,15482,1248422131496411138,"ğŸ‡³ğŸ‡± Netherlands

Notes: In Lock-down, 'Herd Immunity'

ğŸ”®: 10ğŸ“† 4,438ğŸ’€
ğŸ”®: 131ğŸ“† 646,432ğŸ¤§ 9,050ğŸ’€

ğŸ¦ x2: 13.6ğŸ“†

ğŸ“ˆ:â€¦ https://t.co/k5T989lJSl","{'type': 'Point', 'coordinates': [5.2913, 52.1326]}","{'type': 'Point', 'coordinates': [52.1326, 5.2913]}","Place(_api=<tweepy.api.API object at 0x0000018E74B4CEF0>, id='7ef7543bd074c205', url='https://api.twitter.com/1.1/geo/id/7ef7543bd074c205.json', place_type='city', name='Soest', full_name='Soest, Nederland', country_code='NL', country='Niederlande', contained_within=[], bounding_box=BoundingBox(_api=<tweepy.api.API object at 0x0000018E74B4CEF0>, type='Polygon', coordinates=[[[5.2432057, 52.1103985], [5.3499938, 52.1103985], [5.3499938, 52.20459], [5.2432057, 52.20459]]]), attributes={})",2020-04-10 01:26:45,0,False,4,-0.4143906181467903,0.6607428027213378
2020-04-10 01:31:21,15483,1248423288763641856,"Thoughts from this morningâ€™s message:
Translation: Corona = Crown
The Spikes seen on this virus resemble the spikesâ€¦ https://t.co/CBwEtxI7aB","{'type': 'Point', 'coordinates': [138.61666441, -34.80854981]}","{'type': 'Point', 'coordinates': [-34.80854981, 138.61666441]}","Place(_api=<tweepy.api.API object at 0x0000018E74B4CEF0>, id='01e8a1a140ccdc5c', url='https://api.twitter.com/1.1/geo/id/01e8a1a140ccdc5c.json', place_type='city', name='Adelaide', full_name='Adelaide, South Australia', country_code='AU', country='Australia', contained_within=[], bounding_box=BoundingBox(_api=<tweepy.api.API object at 0x0000018E74B4CEF0>, type='Polygon', coordinates=[[[138.44212992, -35.348970061], [138.780189824, -35.348970061], [138.780189824, -34.652564053], [138.44212992, -34.652564053]]]), attributes={})",2020-04-10 01:31:21,0,False,0,-0.7122578489327729,0.4905353913638022
2020-04-10 01:31:54,15484,1248423428995969025,"EACH AND EVERY SATURDAY MORNING OR FRIDAY NIGHT FOR THE LATE OWLS
4AM - 5AM WE IN THE CORONA WE DON'T HAVE NOTHINGâ€¦ https://t.co/AAoigLy4j6","{'type': 'Point', 'coordinates': [-84.3889, 33.7566]}","{'type': 'Point', 'coordinates': [33.7566, -84.3889]}","Place(_api=<tweepy.api.API object at 0x0000018E74B4CEF0>, id='8173485c72e78ca5', url='https://api.twitter.com/1.1/geo/id/8173485c72e78ca5.json', place_type='city', name='Atlanta', full_name='Atlanta, GA', country_code='US', country='Vereinigte Staaten', contained_within=[], bounding_box=BoundingBox(_api=<tweepy.api.API object at 0x0000018E74B4CEF0>, type='Polygon', coordinates=[[[-84.576827, 33.6475029], [-84.289385, 33.6475029], [-84.289385, 33.8868859], [-84.576827, 33.8868859]]]), attributes={})",2020-04-10 01:31:54,0,False,0,-0.7340222943419059,0.4799745034315668
2020-04-10 01:32:38,15485,1248423613373362176,"ğŸ‡µğŸ‡± Poland

ğŸ”®: 10ğŸ“† 472ğŸ’€
ğŸ”®: 153ğŸ“† 172,341ğŸ¤§ 2,413ğŸ’€

ğŸ¦ x2: 8.2ğŸ“†

â¤ï¸ Every Life Counts, Pls #StayAtHome

ğŸ“ˆ:â€¦ https://t.co/YFCPMjTKtE","{'type': 'Point', 'coordinates': [19.1451, 51.9194]}","{'type': 'Point', 'coordinates': [51.9194, 19.1451]}","Place(_api=<tweepy.api.API object at 0x0000018E74B4CEF0>, id='d23fc7f4e75e5921', url='https://api.twitter.com/1.1/geo/id/d23fc7f4e75e5921.json', place_type='city', name='DalikÃ³w', full_name='DalikÃ³w, Polska', country_code='PL', country='Polen', contained_within=[], bounding_box=BoundingBox(_api=<tweepy.api.API object at 0x0000018E74B4CEF0>, type='Polygon', coordinates=[[[19.0198722, 51.820649], [19.190677, 51.820649], [19.190677, 51.9592289], [19.0198722, 51.9592289]]]), attributes={})",2020-04-10 01:32:38,0,False,4,-0.3923216536265213,0.6754868062326982
2020-04-10 01:34:20,15486,1248424040634576898,#Nexlevel had to get back to what Ii do best #R$b is really dead now a days everything #Autotune #comment if u thinâ€¦ https://t.co/C5wpnWCpkK,"{'type': 'Point', 'coordinates': [-73.7751777, 40.67268678]}","{'type': 'Point', 'coordinates': [40.67268678, -73.7751777]}","Place(_api=<tweepy.api.API object at 0x0000018E74B4CEF0>, id='00c39537733fa112', url='https://api.twitter.com/1.1/geo/id/00c39537733fa112.json', place_type='city', name='Queens', full_name='Queens, NY', country_code='US', country='Vereinigte Staaten', contained_within=[], bounding_box=BoundingBox(_api=<tweepy.api.API object at 0x0000018E74B4CEF0>, type='Polygon', coordinates=[[[-73.962582, 40.541722], [-73.699793, 40.541722], [-73.699793, 40.8000371], [-73.962582, 40.8000371]]]), attributes={})",2020-04-10 01:34:20,0,False,0,-0.9366853213184028,0.3919247894223361
2020-04-10 01:34:40,15487,1248424123639853057,"ğŸ‡·ğŸ‡º Russia

Notes: Unreliable Data, Locked-down

ğŸ”®: 10ğŸ“† 419ğŸ’€
ğŸ”®: 156ğŸ“† 1,276,124ğŸ¤§ 17,866ğŸ’€

ğŸ¦ x2: 3.8ğŸ“†

â¤ï¸ Every Life Coâ€¦ https://t.co/PBkFWBLSA2","{'type': 'Point', 'coordinates': [90.0, 60.0]}","{'type': 'Point', 'coordinates': [60.0, 90.0]}","Place(_api=<tweepy.api.API object at 0x0000018E74B4CEF0>, id='83ebe375b17d76d1', url='https://api.twitter.com/1.1/geo/id/83ebe375b17d76d1.json', place_type='admin', name='Ğ•Ğ½Ğ¸ÑĞµĞ¹ÑĞºĞ¸Ğ¹ Ñ€Ğ°Ğ¹Ğ¾Ğ½', full_name='Ğ•Ğ½Ğ¸ÑĞµĞ¹ÑĞºĞ¸Ğ¹ Ñ€Ğ°Ğ¹Ğ¾Ğ½, Ğ Ğ¾ÑÑĞ¸Ñ', country_code='RU', country='Russland', contained_within=[], bounding_box=BoundingBox(_api=<tweepy.api.API object at 0x0000018E74B4CEF0>, type='Polygon', coordinates=[[[84.2474976, 57.5945], [93.2599, 57.5945], [93.2599, 61.4850006], [84.2474976, 61.4850006]]]), attributes={})",2020-04-10 01:34:40,0,False,0,-1.1946910278257403,0.3027974957311472
2020-04-10 01:35:12,15488,1248424259686297603,"Lockdown! Love of life #islamabad #corona #quarantine @ Islamabad, Pakistan https://t.co/nOiBOd3JVZ","{'type': 'Point', 'coordinates': [73.1667, 33.7]}","{'type': 'Point', 'coordinates': [33.7, 73.1667]}","Place(_api=<tweepy.api.API object at 0x0000018E74B4CEF0>, id='00cc0d5640394308', url='https://api.twitter.com/1.1/geo/id/00cc0d5640394308.json', place_type='admin', name='Ù¾Ù†Ø¬Ø§Ø¨', full_name='Ù¾Ù†Ø¬Ø§Ø¨, Ù¾Ø§Ú©Ø³ØªØ§Ù†', country_code='PK', country='Pakistan', contained_within=[], bounding_box=BoundingBox(_api=<tweepy.api.API object at 0x0000018E74B4CEF0>, type='Polygon', coordinates=[[[69.328873, 27.708226], [75.382124, 27.708226], [75.382124, 34.019989], [69.328873, 34.019989]]]), attributes={})",2020-04-10 01:35:12,0,False,4,-0.3994797504916106,0.6706688704400476
2020-04-10 01:36:22,15489,1248424551022649346,NYC LOCKDOWN @ Flushing Meadows - Corona Park https://t.co/3EUzbICCdt,"{'type': 'Point', 'coordinates': [-73.84350331, 40.74593584]}","{'type': 'Point', 'coordinates': [40.74593584, -73.84350331]}","Place(_api=<tweepy.api.API object at 0x0000018E74B4CEF0>, id='00c39537733fa112', url='https://api.twitter.com/1.1/geo/id/00c39537733fa112.json', place_type='city', name='Queens', full_name='Queens, NY', country_code='US', country='Vereinigte Staaten', contained_within=[], bounding_box=BoundingBox(_api=<tweepy.api.API object at 0x0000018E74B4CEF0>, type='Polygon', coordinates=[[[-73.962582, 40.541722], [-73.699793, 40.541722], [-73.699793, 40.8000371], [-73.962582, 40.8000371]]]), attributes={})",2020-04-10 01:36:22,0,False,4,-0.21274906653199765,0.8083589560846443
2020-04-10 01:37:31,15490,1248424841876627457,â€œI Perform Acts of Random Kindness...â€ #iparkmusic #corona #coronavirus #oobang #laprotects #humankindness @ Miraclâ€¦ https://t.co/SL52mhZuib,"{'type': 'Point', 'coordinates': [-118.0263367, 33.9029808]}","{'type': 'Point', 'coordinates': [33.9029808, -118.0263367]}","Place(_api=<tweepy.api.API object at 0x0000018E74B4CEF0>, id='4db990e393c2e28b', url='https://api.twitter.com/1.1/geo/id/4db990e393c2e28b.json', place_type='city', name='La Mirada', full_name='La Mirada, CA', country_code='US', country='Vereinigte Staaten', contained_within=[], bounding_box=BoundingBox(_api=<tweepy.api.API object at 0x0000018E74B4CEF0>, type='Polygon', coordinates=[[[-118.037975, 33.873395], [-117.976352, 33.873395], [-117.976352, 33.928407], [-118.037975, 33.928407]]]), attributes={})",2020-04-10 01:37:31,0,False,4,-0.10017704846941296,0.9046772321367812
2020-04-10 01:37:32,15491,1248424844208640000,"ğŸ‡¿ğŸ‡¦ South Africa

Notes: In Lock-down, Poverty

ğŸ”®: 10ğŸ“† 26ğŸ’€
ğŸ”®: 60ğŸ“† 5,999ğŸ¤§ 84ğŸ’€

ğŸ¦ x2: 14.5ğŸ“†

ğŸ“ˆ: https://t.co/iyAEH3qy2râ€¦ https://t.co/nhik3dQd2j","{'type': 'Point', 'coordinates': [22.9375, -30.5595]}","{'type': 'Point', 'coordinates': [-30.5595, 22.9375]}","Place(_api=<tweepy.api.API object at 0x0000018E74B4CEF0>, id='dd9c0d7d7e07eb49', url='https://api.twitter.com/1.1/geo/id/dd9c0d7d7e07eb49.json', place_type='country', name='South Africa', full_name='South Africa', country_code='ZA', country='South Africa', contained_within=[], bounding_box=BoundingBox(_api=<tweepy.api.API object at 0x0000018E74B4CEF0>, type='Polygon', coordinates=[[[16.4475932, -34.8342468], [32.8922934, -34.8342468], [32.8922934, -22.1247236], [16.4475932, -22.1247236]]]), attributes={})",2020-04-10 01:37:32,0,False,4,-0.5508603924011191,0.5764536206373603
2020-04-10 01:39:33,15492,1248425354047283200,"ğŸ‡ªğŸ‡¸ Spain

Notes: Total Lock-down, Stabilizing

ğŸ”®: 10ğŸ“† 26,909ğŸ’€
ğŸ”®: 111ğŸ“† 3,041,780ğŸ¤§ 42,585ğŸ’€

ğŸ¦ x2: 17.5ğŸ“†

ğŸ“ˆ:â€¦ https://t.co/JCDCHG2DrI","{'type': 'Point', 'coordinates': [-4.0, 40.0]}","{'type': 'Point', 'coordinates': [40.0, -4.0]}","Place(_api=<tweepy.api.API object at 0x0000018E74B4CEF0>, id='eaeb833bd9a1d89e', url='https://api.twitter.com/1.1/geo/id/eaeb833bd9a1d89e.json', place_type='city', name='Yunclillos', full_name='Yunclillos, EspaÃ±a', country_code='ES', country='Spanien', contained_within=[], bounding_box=BoundingBox(_api=<tweepy.api.API object at 0x0000018E74B4CEF0>, type='Polygon', coordinates=[[[-4.0627224, 39.9800258], [-3.9546127, 39.9800258], [-3.9546127, 40.0474775], [-4.0627224, 40.0474775]]]), attributes={})",2020-04-10 01:39:33,0,False,4,-0.44032802498738494,0.6438251956897376
2020-04-10 01:41:35,15493,1248425863294550022,"ğŸ‡¸ğŸ‡ª Sweden

Notes: Social Distancing, No Lock-down, 'Herd Immunity'

ğŸ”®: 10ğŸ“† 1,800ğŸ’€
ğŸ”®: 230ğŸ“† 814,163ğŸ¤§ 11,398ğŸ’€

ğŸ¦ x2: 8.â€¦ https://t.co/nU1Wkf9FFI","{'type': 'Point', 'coordinates': [16.0, 63.0]}","{'type': 'Point', 'coordinates': [63.0, 16.0]}","Place(_api=<tweepy.api.API object at 0x0000018E74B4CEF0>, id='b85f49f2dd49f8d6', url='https://api.twitter.com/1.1/geo/id/b85f49f2dd49f8d6.json', place_type='city', name='BrÃ¤cke', full_name='BrÃ¤cke, Sverige', country_code='SE', country='Schweden', contained_within=[], bounding_box=BoundingBox(_api=<tweepy.api.API object at 0x0000018E74B4CEF0>, type='Polygon', coordinates=[[[14.7687167, 62.5592609], [16.4942745, 62.5592609], [16.4942745, 63.1483428], [14.7687167, 63.1483428]]]), attributes={})",2020-04-10 01:41:35,0,False,0,-0.7367019696857975,0.4786900493176367
2020-04-10 01:43:10,15494,1248426262105751566,since miss corona SUCKS and is RUINING my chances of seeing my family again.. #RIPAustraliaTrip :( @ Mahogany Forest https://t.co/yKoaOYAM8h,"{'type': 'Point', 'coordinates': [123.87924484, 9.62747248]}","{'type': 'Point', 'coordinates': [9.62747248, 123.87924484]}","Place(_api=<tweepy.api.API object at 0x0000018E74B4CEF0>, id='00307b5938b50d8d', url='https://api.twitter.com/1.1/geo/id/00307b5938b50d8d.json', place_type='city', name='Lungsod ng Tagbilaran', full_name='Lungsod ng Tagbilaran, Rehiyon ng Gitnang Visayas', country_code='PH', country='Republik der Philippinen', contained_within=[], bounding_box=BoundingBox(_api=<tweepy.api.API object at 0x0000018E74B4CEF0>, type='Polygon', coordinates=[[[123.8441633, 9.6239719], [123.8985123, 9.6239719], [123.8985123, 9.6995648], [123.8441633, 9.6995648]]]), attributes={})",2020-04-10 01:43:10,0,False,0,-2.914613104827767,0.05422500636826201
2020-04-10 01:43:36,15495,1248426373368037378,"ğŸ‡¨ğŸ‡­ Switzerland

ğŸ”®: 10ğŸ“† 1,432ğŸ’€
ğŸ”®: 111ğŸ“† 165,202ğŸ¤§ 2,313ğŸ’€

ğŸ¦ x2: 19.2ğŸ“†

ğŸ“ˆ: https://t.co/bLY9di1kyQ

ğŸ•› 10/04â€¦ https://t.co/3Jrn1sn2Fw","{'type': 'Point', 'coordinates': [8.2275, 46.8182]}","{'type': 'Point', 'coordinates': [46.8182, 8.2275]}","Place(_api=<tweepy.api.API object at 0x0000018E74B4CEF0>, id='9e19f063e715ad2a', url='https://api.twitter.com/1.1/geo/id/9e19f063e715ad2a.json', place_type='city', name='Sachseln', full_name='Sachseln, Schweiz', country_code='CH', country='Schweiz', contained_within=[], bounding_box=BoundingBox(_api=<tweepy.api.API object at 0x0000018E74B4CEF0>, type='Polygon', coordinates=[[[8.1864498, 46.781111], [8.2969155, 46.781111], [8.2969155, 46.889492], [8.1864498, 46.889492]]]), attributes={})",2020-04-10 01:43:36,0,False,4,-0.2713184648885488,0.7623736684956661
2020-04-10 01:45:38,15496,1248426882405560321,"ğŸ‡¹ğŸ‡­ Thailand

ğŸ”®: 10ğŸ“† 51ğŸ’€
ğŸ”®: 33ğŸ“† 5,313ğŸ¤§ 74ğŸ’€

ğŸ¦ x2: 23.1ğŸ“†

ğŸ“ˆ: https://t.co/VidUoCrqbI

ğŸ•› 10/04 #CovidThailand

3/3 https://t.co/e98nivtTPS","{'type': 'Point', 'coordinates': [101.0, 15.0]}","{'type': 'Point', 'coordinates': [15.0, 101.0]}","Place(_api=<tweepy.api.API object at 0x0000018E74B4CEF0>, id='010638b350fc0dc5', url='https://api.twitter.com/1.1/geo/id/010638b350fc0dc5.json', place_type='admin', name='à¸­.à¸à¸±à¸’à¸™à¸²à¸™à¸´à¸„à¸¡', full_name='à¸­.à¸à¸±à¸’à¸™à¸²à¸™à¸´à¸„à¸¡, à¸ˆ.à¸¥à¸à¸šà¸¸à¸£à¸µ', country_code='TH', country='Thailand', contained_within=[], bounding_box=BoundingBox(_api=<tweepy.api.API object at 0x0000018E74B4CEF0>, type='Polygon', coordinates=[[[100.8457382, 14.7411721], [101.2820749, 14.7411721], [101.2820749, 15.0564488], [100.8457382, 15.0564488]]]), attributes={})",2020-04-10 01:45:38,0,False,4,-0.3544863741880133,0.7015336764923209
2020-04-10 01:47:40,15497,1248427393837961216,"ğŸ‡¬ğŸ‡§ United Kingdom

Notes: Locked-down, Low Testing Rate, Little PPE, 'Herd Immunity'

ğŸ”®: 10ğŸ“† 23,449ğŸ’€
ğŸ”®: 147ğŸ“† 5,405,â€¦ https://t.co/VzF3cLrJuQ","{'type': 'Point', 'coordinates': [-3.436, 55.3781]}","{'type': 'Point', 'coordinates': [55.3781, -3.436]}","Place(_api=<tweepy.api.API object at 0x0000018E74B4CEF0>, id='0af014accd6f6e99', url='https://api.twitter.com/1.1/geo/id/0af014accd6f6e99.json', place_type='admin', name='Scotland', full_name='Scotland, United Kingdom', country_code='GB', country='Vereinigtes KÃ¶nigreich', contained_within=[], bounding_box=BoundingBox(_api=<tweepy.api.API object at 0x0000018E74B4CEF0>, type='Polygon', coordinates=[[[-7.66085699743185, 54.6336309570711], [-0.740025000483186, 54.6336309570711], [-0.740025000483186, 60.8452769694519], [-7.66085699743185, 60.8452769694519]]]), attributes={})",2020-04-10 01:47:40,0,False,0,-1.1022983327616778,0.33210691367588324
2020-04-10 01:49:41,15498,1248427903554965508,"ğŸ‡ºğŸ‡¸ US

Notes: Partial Lock-down, Limited Testing, Chaotic

ğŸ”®: 10ğŸ“† 46,985ğŸ’€
ğŸ”®: 128ğŸ“† 10,177,250ğŸ¤§ 142,482ğŸ’€

ğŸ¦ x2: 8.4ğŸ“†â€¦ https://t.co/3LQ6ahoyTg","{'type': 'Point', 'coordinates': [-95.7129, 37.0902]}","{'type': 'Point', 'coordinates': [37.0902, -95.7129]}","Place(_api=<tweepy.api.API object at 0x0000018E74B4CEF0>, id='27c45d804c777999', url='https://api.twitter.com/1.1/geo/id/27c45d804c777999.json', place_type='admin', name='Kansas', full_name='Kansas, USA', country_code='US', country='Vereinigte Staaten', contained_within=[], bounding_box=BoundingBox(_api=<tweepy.api.API object at 0x0000018E74B4CEF0>, type='Polygon', coordinates=[[[-102.051769, 36.9931101], [-94.588081, 36.9931101], [-94.588081, 40.003282], [-102.051769, 40.003282]]]), attributes={})",2020-04-10 01:49:41,0,False,0,-0.8864644425552407,0.412110219416354
2020-04-10 01:56:14,15499,1248429553279614978,"Don't just go through it, grow through it!
.
.
.
#skyporn #sky_sultans #cloudstagram #nycskyline #nyc2020â€¦ https://t.co/jqC8DJ6bmu","{'type': 'Point', 'coordinates': [-74.0064, 40.7142]}","{'type': 'Point', 'coordinates': [40.7142, -74.0064]}","Place(_api=<tweepy.api.API object at 0x0000018E74B4CEF0>, id='01a9a39529b27f36', url='https://api.twitter.com/1.1/geo/id/01a9a39529b27f36.json', place_type='city', name='Manhattan', full_name='Manhattan, NY', country_code='US', country='Vereinigte Staaten', contained_within=[], bounding_box=BoundingBox(_api=<tweepy.api.API object at 0x0000018E74B4CEF0>, type='Polygon', coordinates=[[[-74.026675, 40.683935], [-73.910408, 40.683935], [-73.910408, 40.877483], [-74.026675, 40.877483]]]), attributes={})",2020-04-10 01:56:14,0,False,4,-0.5126722080427462,0.5988930717666228
2020-04-10 02:04:15,15500,1248431570576269312,"Hello from Corona life...
It's just me and myself and I ğŸ¤£
.
Sometimes all you need is a little splash of colour! Thâ€¦ https://t.co/Du261yAqal","{'type': 'Point', 'coordinates': [144.9661, -37.8156]}","{'type': 'Point', 'coordinates': [-37.8156, 144.9661]}","Place(_api=<tweepy.api.API object at 0x0000018E74B4CEF0>, id='01864a8a64df9dc4', url='https://api.twitter.com/1.1/geo/id/01864a8a64df9dc4.json', place_type='city', name='Melbourne', full_name='Melbourne, Victoria', country_code='AU', country='Australia', contained_within=[], bounding_box=BoundingBox(_api=<tweepy.api.API object at 0x0000018E74B4CEF0>, type='Polygon', coordinates=[[[144.593741856, -38.433859306], [145.512528832, -38.433859306], [145.512528832, -37.5112737225], [144.593741856, -37.5112737225]]]), attributes={})",2020-04-10 02:04:15,0,False,4,-0.05899847324814333,0.9427082084375086
2020-04-10 02:06:46,15501,1248432202662031363,"Bloody Mary ğŸ¹solo cup style, cuz we Fancy n Shit! Gettin Radioactive â˜¢ï¸ in preparation for the Nightly GMRS Coronaâ€¦ https://t.co/BeJD6gD1Zp","{'type': 'Point', 'coordinates': [-114.94755, 35.99316]}","{'type': 'Point', 'coordinates': [35.99316, -114.94755]}","Place(_api=<tweepy.api.API object at 0x0000018E74B4CEF0>, id='0e2242eb8691df96', url='https://api.twitter.com/1.1/geo/id/0e2242eb8691df96.json', place_type='city', name='Henderson', full_name='Henderson, NV', country_code='US', country='Vereinigte Staaten', contained_within=[], bounding_box=BoundingBox(_api=<tweepy.api.API object at 0x0000018E74B4CEF0>, type='Polygon', coordinates=[[[-115.1581427, 35.917793], [-114.918531, 35.917793], [-114.918531, 36.094719], [-115.1581427, 36.094719]]]), attributes={})",2020-04-10 02:06:46,0,False,0,-0.7177354529658261,0.4878557783551791
2020-04-10 02:14:41,15502,1248434193542942723,We all have to do our part. #corona #coronavirus #thewalkingdead #toiletpaper  #facemask #staysafe #virusâ€¦ https://t.co/diMyE7itQE,"{'type': 'Point', 'coordinates': [-80.18222197, 26.64787635]}","{'type': 'Point', 'coordinates': [26.64787635, -80.18222197]}","Place(_api=<tweepy.api.API object at 0x0000018E74B4CEF0>, id='0113afc024d5e0bc', url='https://api.twitter.com/1.1/geo/id/0113afc024d5e0bc.json', place_type='city', name='Wellington', full_name='Wellington, FL', country_code='US', country='Vereinigte Staaten', contained_within=[], bounding_box=BoundingBox(_api=<tweepy.api.API object at 0x0000018E74B4CEF0>, type='Polygon', coordinates=[[[-80.299923, 26.5670568], [-80.1665646, 26.5670568], [-80.1665646, 26.6827584], [-80.299923, 26.6827584]]]), attributes={})",2020-04-10 02:14:41,0,False,4,-0.3024346998362452,0.7390167445977934
2020-04-10 02:27:29,15503,1248437415561347073,"Quarantine Progression Self Portraits. Swipe to see phases...
Light Painting long exposure with @lumecubeâ€¦ https://t.co/uQuc0pHjai","{'type': 'Point', 'coordinates': [-117.272, 33.0444]}","{'type': 'Point', 'coordinates': [33.0444, -117.272]}","Place(_api=<tweepy.api.API object at 0x0000018E74B4CEF0>, id='1f6b47c3f3352385', url='https://api.twitter.com/1.1/geo/id/1f6b47c3f3352385.json', place_type='city', name='Encinitas', full_name='Encinitas, CA', country_code='US', country='Vereinigte Staaten', contained_within=[], bounding_box=BoundingBox(_api=<tweepy.api.API object at 0x0000018E74B4CEF0>, type='Polygon', coordinates=[[[-117.312091, 32.999469], [-117.195721, 32.999469], [-117.195721, 33.090549], [-117.312091, 33.090549]]]), attributes={})",2020-04-10 02:27:29,0,False,4,-0.2065969400647188,0.8133474116844442
2020-04-10 02:28:20,15504,1248437628426276867,"Me &amp; Bae run ... so fast we hit'em wit tha blurr (I call her ""Flash"" now) ... leaving corona in the dust. â¤â€¦ https://t.co/Fx5mSzbuF9","{'type': 'Point', 'coordinates': [-106.552, 35.3094]}","{'type': 'Point', 'coordinates': [35.3094, -106.552]}","Place(_api=<tweepy.api.API object at 0x0000018E74B4CEF0>, id='41ca1875e930a9c7', url='https://api.twitter.com/1.1/geo/id/41ca1875e930a9c7.json', place_type='city', name='Bernalillo', full_name='Bernalillo, NM', country_code='US', country='Vereinigte Staaten', contained_within=[], bounding_box=BoundingBox(_api=<tweepy.api.API object at 0x0000018E74B4CEF0>, type='Polygon', coordinates=[[[-106.584715, 35.286219], [-106.490865, 35.286219], [-106.490865, 35.33444], [-106.584715, 35.33444]]]), attributes={})",2020-04-10 02:28:20,0,False,0,-0.7250418586010859,0.4843042962307313
2020-04-10 02:32:20,15505,1248438636036730882,"Holy Thursday. Corona style. @ St. Louis Church, Pittsford https://t.co/RVODqsbxoI","{'type': 'Point', 'coordinates': [-77.516379, 43.087992]}","{'type': 'Point', 'coordinates': [43.087992, -77.516379]}","Place(_api=<tweepy.api.API object at 0x0000018E74B4CEF0>, id='01431a8402105db6', url='https://api.twitter.com/1.1/geo/id/01431a8402105db6.json', place_type='city', name='Pittsford', full_name='Pittsford, NY', country_code='US', country='Vereinigte Staaten', contained_within=[], bounding_box=BoundingBox(_api=<tweepy.api.API object at 0x0000018E74B4CEF0>, type='Polygon', coordinates=[[[-77.580355, 43.026793], [-77.479304, 43.026793], [-77.479304, 43.124356], [-77.580355, 43.124356]]]), attributes={})",2020-04-10 02:32:20,0,False,4,-0.09381945031995424,0.9104471283399176
2020-04-10 02:35:42,15506,1248439484351463431,"Reggae music is me, 
without it I wouldn't be me
New Music Video â€œNew Dayâ€ coming soon

Letâ€™s keep each other in prâ€¦ https://t.co/HC4OU2Uczi","{'type': 'Point', 'coordinates': [-110.9708, 32.219]}","{'type': 'Point', 'coordinates': [32.219, -110.9708]}","Place(_api=<tweepy.api.API object at 0x0000018E74B4CEF0>, id='013379ee5729a5e6', url='https://api.twitter.com/1.1/geo/id/013379ee5729a5e6.json', place_type='city', name='Tucson', full_name='Tucson, AZ', country_code='US', country='Vereinigte Staaten', contained_within=[], bounding_box=BoundingBox(_api=<tweepy.api.API object at 0x0000018E74B4CEF0>, type='Polygon', coordinates=[[[-111.083219, 32.057802], [-110.747928, 32.057802], [-110.747928, 32.320979], [-111.083219, 32.320979]]]), attributes={})",2020-04-10 02:35:42,1,False,4,-0.1997982523092872,0.8188959467798945
2020-04-10 02:36:15,15507,1248439623275200512,"May God hear my rap prayers about corona virus, @nairabet @olamide_YBNL sirt_oluwatosin @2niteflavour @Larageorgeâ€¦ https://t.co/80Lm639IBF","{'type': 'Point', 'coordinates': [3.37538029, 6.56174888]}","{'type': 'Point', 'coordinates': [6.56174888, 3.37538029]}","Place(_api=<tweepy.api.API object at 0x0000018E74B4CEF0>, id='01eddd9d0dbec2c8', url='https://api.twitter.com/1.1/geo/id/01eddd9d0dbec2c8.json', place_type='city', name='Ikeja', full_name='Ikeja, Nigeria', country_code='NG', country='Nigeria', contained_within=[], bounding_box=BoundingBox(_api=<tweepy.api.API object at 0x0000018E74B4CEF0>, type='Polygon', coordinates=[[[3.198942, 6.4826762], [3.43719, 6.4826762], [3.43719, 6.6985461], [3.198942, 6.6985461]]]), attributes={})",2020-04-10 02:36:15,0,False,4,-0.6112197735211126,0.542688508119031
2020-04-10 02:37:07,15508,1248439840573657089,"Follow @DaddyDaughterTi for #DailyFunnies
ğŸ‘†ğŸ¾ClickFollow &amp;/or a â€œğŸ˜‚â€ğŸ‘†ğŸ¾ 
.
#childrenofthecorn #childrenofthequarnâ€¦ https://t.co/js93cz9KWc","{'type': 'Point', 'coordinates': [-73.95, 40.65]}","{'type': 'Point', 'coordinates': [40.65, -73.95]}","Place(_api=<tweepy.api.API object at 0x0000018E74B4CEF0>, id='011add077f4d2da3', url='https://api.twitter.com/1.1/geo/id/011add077f4d2da3.json', place_type='city', name='Brooklyn', full_name='Brooklyn, NY', country_code='US', country='Vereinigte Staaten', contained_within=[], bounding_box=BoundingBox(_api=<tweepy.api.API object at 0x0000018E74B4CEF0>, type='Polygon', coordinates=[[[-74.041878, 40.570842], [-73.855673, 40.570842], [-73.855673, 40.739434], [-74.041878, 40.739434]]]), attributes={})",2020-04-10 02:37:07,0,False,4,-0.047763787340805455,0.953358955936739
2020-04-10 02:44:49,15509,1248441776999890944,"Cricket God ğŸ™ğŸ‘ğŸ‡®ğŸ‡³
Sir sachin and many others sports personalities have donated money to end Corona viruses the crickâ€¦ https://t.co/YKgPrjoL5W","{'type': 'Point', 'coordinates': [80.21106382, 26.59668049]}","{'type': 'Point', 'coordinates': [26.59668049, 80.21106382]}","Place(_api=<tweepy.api.API object at 0x0000018E74B4CEF0>, id='133eafffa4b1ca86', url='https://api.twitter.com/1.1/geo/id/133eafffa4b1ca86.json', place_type='admin', name='à¤‰à¤¤à¥à¤¤à¤° à¤ªà¥à¤°à¤¦à¥‡à¤¶', full_name='à¤‰à¤¤à¥à¤¤à¤° à¤ªà¥à¤°à¤¦à¥‡à¤¶, à¤­à¤¾à¤°à¤¤', country_code='IN', country='Republik Indien', contained_within=[], bounding_box=BoundingBox(_api=<tweepy.api.API object at 0x0000018E74B4CEF0>, type='Polygon', coordinates=[[[77.096236, 23.871941], [84.638873, 23.871941], [84.638873, 30.407576], [77.096236, 30.407576]]]), attributes={})",2020-04-10 02:44:49,0,False,4,-0.6555109454191033,0.5191767238372617
2020-04-10 02:46:05,15510,1248442096870096897,"Since this monthâ€™s â€œpinkâ€ supermoon was not really pink to the eye, I couldnâ€™t resist posting this one I captured lâ€¦ https://t.co/Qqs9YHjSDM","{'type': 'Point', 'coordinates': [-71.05986299, 42.30146369]}","{'type': 'Point', 'coordinates': [42.30146369, -71.05986299]}","Place(_api=<tweepy.api.API object at 0x0000018E74B4CEF0>, id='67b98f17fdcf20be', url='https://api.twitter.com/1.1/geo/id/67b98f17fdcf20be.json', place_type='city', name='Boston', full_name='Boston, MA', country_code='US', country='Vereinigte Staaten', contained_within=[], bounding_box=BoundingBox(_api=<tweepy.api.API object at 0x0000018E74B4CEF0>, type='Polygon', coordinates=[[[-71.191421, 42.227797], [-70.986004, 42.227797], [-70.986004, 42.399542], [-71.191421, 42.399542]]]), attributes={})",2020-04-10 02:46:05,0,False,0,-0.8983792573611304,0.4072291388023685
2020-04-10 02:48:09,15511,1248442617395847169,"Itâ€™s almost over. #NYC #corona #coronamemes @ Times Square, Theater District, Manhattan, New York City https://t.co/eB2SV8XVoM","{'type': 'Point', 'coordinates': [-73.98233999, 40.76250141]}","{'type': 'Point', 'coordinates': [40.76250141, -73.98233999]}","Place(_api=<tweepy.api.API object at 0x0000018E74B4CEF0>, id='01a9a39529b27f36', url='https://api.twitter.com/1.1/geo/id/01a9a39529b27f36.json', place_type='city', name='Manhattan', full_name='Manhattan, NY', country_code='US', country='Vereinigte Staaten', contained_within=[], bounding_box=BoundingBox(_api=<tweepy.api.API object at 0x0000018E74B4CEF0>, type='Polygon', coordinates=[[[-74.026675, 40.683935], [-73.910408, 40.683935], [-73.910408, 40.877483], [-74.026675, 40.877483]]]), attributes={})",2020-04-10 02:48:09,0,False,4,-0.21116137498516604,0.8096434001467002
2020-04-10 02:49:41,15512,1248443001535422467,"Corona Cooking Night 4

Something old, something new...

Marinated Petite Sirloin
Roasted Rainbow Carrots (yass bitâ€¦ https://t.co/lfxbMjKyqe","{'type': 'Point', 'coordinates': [-122.912, 42.3748]}","{'type': 'Point', 'coordinates': [42.3748, -122.912]}","Place(_api=<tweepy.api.API object at 0x0000018E74B4CEF0>, id='ff96f35b5ab7ad8c', url='https://api.twitter.com/1.1/geo/id/ff96f35b5ab7ad8c.json', place_type='city', name='Central Point', full_name='Central Point, OR', country_code='US', country='Vereinigte Staaten', contained_within=[], bounding_box=BoundingBox(_api=<tweepy.api.API object at 0x0000018E74B4CEF0>, type='Polygon', coordinates=[[[-122.9345204, 42.361221], [-122.883112, 42.361221], [-122.883112, 42.3962197], [-122.9345204, 42.3962197]]]), attributes={})",2020-04-10 02:49:41,0,False,4,-0.07172272087125839,0.930788948381906
2020-04-10 02:51:31,15513,1248443465018396672,"You will be alright #buddy 
#audi under #servicemode probably he got his own #corona ğŸ¤ª
#covid_19 @ Perth, Western Aâ€¦ https://t.co/oZiOJFDMLS","{'type': 'Point', 'coordinates': [115.859, -31.9522]}","{'type': 'Point', 'coordinates': [-31.9522, 115.859]}","Place(_api=<tweepy.api.API object at 0x0000018E74B4CEF0>, id='0118c71c0ed41109', url='https://api.twitter.com/1.1/geo/id/0118c71c0ed41109.json', place_type='city', name='Perth (WA)', full_name='Perth, Western Australia', country_code='AU', country='Australia', contained_within=[], bounding_box=BoundingBox(_api=<tweepy.api.API object at 0x0000018E74B4CEF0>, type='Polygon', coordinates=[[[115.617614368, -32.675715325], [116.239023008, -32.675715325], [116.239023008, -31.6244855145], [115.617614368, -31.6244855145]]]), attributes={})",2020-04-10 02:51:31,0,False,4,-0.3152895236744984,0.7295776136965147
2020-04-10 02:51:47,15514,1248443532530065413,".
03.45am fuck sake
#sleeplessnights 
#insomnia Sucks
#homealone â˜¹ï¸
#malemodel 
#corona UK
#lockdown 
#bedtime @ Châ€¦ https://t.co/jo4UPv5nt8","{'type': 'Point', 'coordinates': [-1.38333, 50.9833]}","{'type': 'Point', 'coordinates': [50.9833, -1.38333]}","Place(_api=<tweepy.api.API object at 0x0000018E74B4CEF0>, id='6aa8c46838e769fb', url='https://api.twitter.com/1.1/geo/id/6aa8c46838e769fb.json', place_type='city', name='Eastleigh', full_name='Eastleigh, England', country_code='GB', country='Vereinigtes KÃ¶nigreich', contained_within=[], bounding_box=BoundingBox(_api=<tweepy.api.API object at 0x0000018E74B4CEF0>, type='Polygon', coordinates=[[[-1.4137315, 50.9429358], [-1.334973, 50.9429358], [-1.334973, 51.004389], [-1.4137315, 51.004389]]]), attributes={})",2020-04-10 02:51:47,0,False,0,-2.3226676226355694,0.09801177811996692
2020-04-10 02:54:52,15515,1248444309323554821,Construction on #SouthernStateParkway EB from Exit 14 - Fletcher Avenue EB to Exit 15 - North Corona Avenue https://t.co/5d5FZjvKpo,"{'type': 'Point', 'coordinates': [-73.7021, 40.6795]}","{'type': 'Point', 'coordinates': [40.6795, -73.7021]}","Place(_api=<tweepy.api.API object at 0x0000018E74B4CEF0>, id='cdc37bae2a45fc33', url='https://api.twitter.com/1.1/geo/id/cdc37bae2a45fc33.json', place_type='city', name='North Valley Stream', full_name='North Valley Stream, NY', country_code='US', country='Vereinigte Staaten', contained_within=[], bounding_box=BoundingBox(_api=<tweepy.api.API object at 0x0000018E74B4CEF0>, type='Polygon', coordinates=[[[-73.726621, 40.675855], [-73.679609, 40.675855], [-73.679609, 40.696918], [-73.726621, 40.696918]]]), attributes={})",2020-04-10 02:54:52,0,False,4,-0.28814071530373764,0.7496560967314488
2020-04-10 02:54:52,15516,1248444309336137729,Construction on #SouthernStateParkway EB from Exit 14 - Fletcher Avenue EB to Exit 15 - North Corona Avenue https://t.co/i76QkxLncx,"{'type': 'Point', 'coordinates': [-73.7021, 40.6795]}","{'type': 'Point', 'coordinates': [40.6795, -73.7021]}","Place(_api=<tweepy.api.API object at 0x0000018E74B4CEF0>, id='cdc37bae2a45fc33', url='https://api.twitter.com/1.1/geo/id/cdc37bae2a45fc33.json', place_type='city', name='North Valley Stream', full_name='North Valley Stream, NY', country_code='US', country='Vereinigte Staaten', contained_within=[], bounding_box=BoundingBox(_api=<tweepy.api.API object at 0x0000018E74B4CEF0>, type='Polygon', coordinates=[[[-73.726621, 40.675855], [-73.679609, 40.675855], [-73.679609, 40.696918], [-73.726621, 40.696918]]]), attributes={})",2020-04-10 02:54:52,0,False,4,-0.28814071530373764,0.7496560967314488
2020-04-10 03:01:26,15517,1248445959152918528,"The new normal has been my normal for so long this doesn't bother me 

#corona  #isolated  #cle #youdontlovemeâ€¦ https://t.co/iBWFtc2xUN","{'type': 'Point', 'coordinates': [-81.6937, 41.4996]}","{'type': 'Point', 'coordinates': [41.4996, -81.6937]}","Place(_api=<tweepy.api.API object at 0x0000018E74B4CEF0>, id='0eb9676d24b211f1', url='https://api.twitter.com/1.1/geo/id/0eb9676d24b211f1.json', place_type='city', name='Cleveland', full_name='Cleveland, OH', country_code='US', country='Vereinigte Staaten', contained_within=[], bounding_box=BoundingBox(_api=<tweepy.api.API object at 0x0000018E74B4CEF0>, type='Polygon', coordinates=[[[-81.877771, 41.392684], [-81.5331634, 41.392684], [-81.5331634, 41.599195], [-81.877771, 41.599195]]]), attributes={})",2020-04-10 03:01:26,0,False,4,-0.6158923956126572,0.5401586449573728
2020-04-10 03:02:13,15518,1248446155563962368,#staysafe #corona #covid-19 #wearamask  #protectyourself #protectothers @ Hi-Lo Kick Studio https://t.co/s2V1RWg0ym,"{'type': 'Point', 'coordinates': [-95.37712919, 29.78733285]}","{'type': 'Point', 'coordinates': [29.78733285, -95.37712919]}","Place(_api=<tweepy.api.API object at 0x0000018E74B4CEF0>, id='1c69a67ad480e1b1', url='https://api.twitter.com/1.1/geo/id/1c69a67ad480e1b1.json', place_type='city', name='Houston', full_name='Houston, TX', country_code='US', country='Vereinigte Staaten', contained_within=[], bounding_box=BoundingBox(_api=<tweepy.api.API object at 0x0000018E74B4CEF0>, type='Polygon', coordinates=[[[-95.823268, 29.522325], [-95.069705, 29.522325], [-95.069705, 30.1546646], [-95.823268, 30.1546646]]]), attributes={})",2020-04-10 03:02:13,0,False,4,-0.03308854306912334,0.9674528945480496
2020-04-10 03:03:54,15519,1248446582447427584,"At 12:16 PM PDT, 8 SE Corona [Riverside Co, CA] PUBLIC reports HEAVY RAIN of 3.50 INCH. SPOTTER REPORTS APPROXIMATEâ€¦ https://t.co/bLv2koMGfz","{'type': 'Point', 'coordinates': [-117.5, 33.76]}","{'type': 'Point', 'coordinates': [33.76, -117.5]}","Place(_api=<tweepy.api.API object at 0x0000018E74B4CEF0>, id='fbd6d2f5a4e4a15e', url='https://api.twitter.com/1.1/geo/id/fbd6d2f5a4e4a15e.json', place_type='admin', name='California', full_name='California, USA', country_code='US', country='Vereinigte Staaten', contained_within=[], bounding_box=BoundingBox(_api=<tweepy.api.API object at 0x0000018E74B4CEF0>, type='Polygon', coordinates=[[[-124.482003, 32.528832], [-114.131212, 32.528832], [-114.131212, 42.009519], [-124.482003, 42.009519]]]), attributes={})",2020-04-10 03:03:54,0,False,4,-0.6841241010400156,0.5045319551078751
2020-04-10 03:10:58,15520,1248448357854404609,"Super Corona full moon.
Covid19 Night
Brooklyn, NY.
...
...
#supermoon #coronasupermoon #nightshot #longexposureâ€¦ https://t.co/teO66itdhK","{'type': 'Point', 'coordinates': [-73.9625944, 40.63229021]}","{'type': 'Point', 'coordinates': [40.63229021, -73.9625944]}","Place(_api=<tweepy.api.API object at 0x0000018E74B4CEF0>, id='011add077f4d2da3', url='https://api.twitter.com/1.1/geo/id/011add077f4d2da3.json', place_type='city', name='Brooklyn', full_name='Brooklyn, NY', country_code='US', country='Vereinigte Staaten', contained_within=[], bounding_box=BoundingBox(_api=<tweepy.api.API object at 0x0000018E74B4CEF0>, type='Polygon', coordinates=[[[-74.041878, 40.570842], [-73.855673, 40.570842], [-73.855673, 40.739434], [-74.041878, 40.739434]]]), attributes={})",2020-04-10 03:10:58,1,False,4,-0.1791339229226935,0.8359939331488979
2020-04-10 03:15:54,15521,1248449598827495424,New blog post: Keeping it Corona https://t.co/w4cc0aA6pY https://t.co/fyfM4lEfKZ,"{'type': 'Point', 'coordinates': [139.6917, 35.689506]}","{'type': 'Point', 'coordinates': [35.689506, 139.6917]}","Place(_api=<tweepy.api.API object at 0x0000018E74B4CEF0>, id='7ee61f505fdfdf5c', url='https://api.twitter.com/1.1/geo/id/7ee61f505fdfdf5c.json', place_type='city', name='æ–°å®¿åŒº', full_name='æ±äº¬ æ–°å®¿åŒº', country_code='JP', country='Japan', contained_within=[], bounding_box=BoundingBox(_api=<tweepy.api.API object at 0x0000018E74B4CEF0>, type='Polygon', coordinates=[[[139.673228, 35.673404], [139.745133, 35.673404], [139.745133, 35.72991], [139.673228, 35.72991]]]), attributes={})",2020-04-10 03:15:54,0,False,4,-0.1278024833652792,0.8800271819870514
2020-04-10 03:16:03,15522,1248449637763211268,Unfortunately because of the corona virus  quarantine and social distancing we will not be having our regular serviâ€¦ https://t.co/FXba7uUMaY,"{'type': 'Point', 'coordinates': [-118.2445, 34.0564]}","{'type': 'Point', 'coordinates': [34.0564, -118.2445]}","Place(_api=<tweepy.api.API object at 0x0000018E74B4CEF0>, id='3b77caf94bfc81fe', url='https://api.twitter.com/1.1/geo/id/3b77caf94bfc81fe.json', place_type='city', name='Los Angeles', full_name='Los Angeles, CA', country_code='US', country='Vereinigte Staaten', contained_within=[], bounding_box=BoundingBox(_api=<tweepy.api.API object at 0x0000018E74B4CEF0>, type='Polygon', coordinates=[[[-118.668404, 33.704538], [-118.155409, 33.704538], [-118.155409, 34.337041], [-118.668404, 34.337041]]]), attributes={})",2020-04-10 03:16:03,0,False,0,-2.2862284985297205,0.10164910958832972
2020-04-10 03:25:21,15523,1248451979195502592,What will YOU do differently when #Corona/#COVID is finally over? ğŸ¤” @ Canada https://t.co/LKwTO192B0,"{'type': 'Point', 'coordinates': [-109.0, 56.0]}","{'type': 'Point', 'coordinates': [56.0, -109.0]}","Place(_api=<tweepy.api.API object at 0x0000018E74B4CEF0>, id='2cc34b9376b2a9a8', url='https://api.twitter.com/1.1/geo/id/2cc34b9376b2a9a8.json', place_type='city', name='Division No. 18, Unorganized', full_name='Division No. 18, Unorganized, Saskatchewan', country_code='CA', country='Kanada', contained_within=[], bounding_box=BoundingBox(_api=<tweepy.api.API object at 0x0000018E74B4CEF0>, type='Polygon', coordinates=[[[-110.006084, 53.625536], [-101.768294, 53.625536], [-101.768294, 60.012537], [-110.006084, 60.012537]]]), attributes={})",2020-04-10 03:25:21,0,False,4,-0.2394626002360692,0.7870507083022178
2020-04-10 03:29:09,15524,1248452937057067014,Winner winner corona chicken dinner. @ Dinah's Fried Chicken https://t.co/Jz39XL9DfT,"{'type': 'Point', 'coordinates': [-118.25957, 34.12932]}","{'type': 'Point', 'coordinates': [34.12932, -118.25957]}","Place(_api=<tweepy.api.API object at 0x0000018E74B4CEF0>, id='fbd6d2f5a4e4a15e', url='https://api.twitter.com/1.1/geo/id/fbd6d2f5a4e4a15e.json', place_type='admin', name='California', full_name='California, USA', country_code='US', country='Vereinigte Staaten', contained_within=[], bounding_box=BoundingBox(_api=<tweepy.api.API object at 0x0000018E74B4CEF0>, type='Polygon', coordinates=[[[-124.482003, 32.528832], [-114.131212, 32.528832], [-114.131212, 42.009519], [-124.482003, 42.009519]]]), attributes={})",2020-04-10 03:29:09,0,False,4,-0.10385794121867033,0.9013533334827679
2020-04-10 03:31:36,15525,1248453549559664641,"Easters â€œCorona Cricket Cupâ€ ğŸ old master treats young leggie with disdain @nic_savage1 @ Sydney, Australia https://t.co/oofBOSBJxX","{'type': 'Point', 'coordinates': [151.20797, -33.86751]}","{'type': 'Point', 'coordinates': [-33.86751, 151.20797]}","Place(_api=<tweepy.api.API object at 0x0000018E74B4CEF0>, id='0073b76548e5984f', url='https://api.twitter.com/1.1/geo/id/0073b76548e5984f.json', place_type='city', name='Sydney', full_name='Sydney, New South Wales', country_code='AU', country='Australia', contained_within=[], bounding_box=BoundingBox(_api=<tweepy.api.API object at 0x0000018E74B4CEF0>, type='Polygon', coordinates=[[[150.520928608, -34.1183470085], [151.343020992, -34.1183470085], [151.343020992, -33.578140996], [150.520928608, -33.578140996]]]), attributes={})",2020-04-10 03:31:36,1,False,4,-0.3310016667729952,0.7182039719565871
